{
  "CSS" : {
    "transaction" : "CSS",
    "sampleCount" : 500,
    "errorCount" : 0,
    "errorPct" : 0.0,
    "meanResTime" : 19195.81599999999,
    "medianResTime" : 19086.5,
    "minResTime" : 503.0,
    "maxResTime" : 36555.0,
    "pct1ResTime" : 26361.9,
    "pct2ResTime" : 28159.3,
    "pct3ResTime" : 32845.200000000004,
    "throughput" : 8.678446210990383,
    "receivedKBytesPerSec" : 1294.4444926580345,
    "sentKBytesPerSec" : 1.2119314532926027
  },
  "Owner" : {
    "transaction" : "Owner",
    "sampleCount" : 1000,
    "errorCount" : 0,
    "errorPct" : 0.0,
    "meanResTime" : 37205.07699999999,
    "medianResTime" : 36248.5,
    "minResTime" : 579.0,
    "maxResTime" : 76313.0,
    "pct1ResTime" : 56525.5,
    "pct2ResTime" : 61010.7,
    "pct3ResTime" : 68812.11,
    "throughput" : 3.5743774328106404,
    "receivedKBytesPerSec" : 17.393325498000134,
    "sentKBytesPerSec" : 0.4331838275505864
  },
  "POST Edit Owner" : {
    "transaction" : "POST Edit Owner",
    "sampleCount" : 500,
    "errorCount" : 0,
    "errorPct" : 0.0,
    "meanResTime" : 27164.557999999997,
    "medianResTime" : 27063.0,
    "minResTime" : 6695.0,
    "maxResTime" : 46133.0,
    "pct1ResTime" : 35254.5,
    "pct2ResTime" : 37851.7,
    "pct3ResTime" : 43842.990000000005,
    "throughput" : 3.324335465340478,
    "receivedKBytesPerSec" : 20.335583354387456,
    "sentKBytesPerSec" : 0.8349795719585654
  },
  "POST new visit" : {
    "transaction" : "POST new visit",
    "sampleCount" : 500,
    "errorCount" : 0,
    "errorPct" : 0.0,
    "meanResTime" : 31768.51400000001,
    "medianResTime" : 31516.0,
    "minResTime" : 5287.0,
    "maxResTime" : 51631.0,
    "pct1ResTime" : 41933.700000000004,
    "pct2ResTime" : 43538.65,
    "pct3ResTime" : 51308.99000000003,
    "throughput" : 3.871107601306886,
    "receivedKBytesPerSec" : 20.05182324329137,
    "sentKBytesPerSec" : 0.8558928177405118
  },
  "Vets" : {
    "transaction" : "Vets",
    "sampleCount" : 500,
    "errorCount" : 0,
    "errorPct" : 0.0,
    "meanResTime" : 22235.96800000001,
    "medianResTime" : 21565.0,
    "minResTime" : 7791.0,
    "maxResTime" : 43245.0,
    "pct1ResTime" : 29967.5,
    "pct2ResTime" : 32256.55,
    "pct3ResTime" : 37345.990000000005,
    "throughput" : 6.242275184459232,
    "receivedKBytesPerSec" : 24.158336480480404,
    "sentKBytesPerSec" : 0.7619964824779335
  },
  "Total" : {
    "transaction" : "Total",
    "sampleCount" : 6000,
    "errorCount" : 0,
    "errorPct" : 0.0,
    "meanResTime" : 30850.47466666664,
    "medianResTime" : 27426.5,
    "minResTime" : 503.0,
    "maxResTime" : 101994.0,
    "pct1ResTime" : 50646.0,
    "pct2ResTime" : 64416.349999999984,
    "pct3ResTime" : 84500.01999999997,
    "throughput" : 15.112779114139263,
    "receivedKBytesPerSec" : 355.2041386188179,
    "sentKBytesPerSec" : 2.2018659953024446
  },
  "Home page" : {
    "transaction" : "Home page",
    "sampleCount" : 500,
    "errorCount" : 0,
    "errorPct" : 0.0,
    "meanResTime" : 21798.252000000008,
    "medianResTime" : 21645.5,
    "minResTime" : 9015.0,
    "maxResTime" : 38925.0,
    "pct1ResTime" : 28497.7,
    "pct2ResTime" : 29813.5,
    "pct3ResTime" : 37025.590000000004,
    "throughput" : 10.700222564629344,
    "receivedKBytesPerSec" : 35.15190303458312,
    "sentKBytesPerSec" : 1.2121345873994178
  },
  "JS" : {
    "transaction" : "JS",
    "sampleCount" : 500,
    "errorCount" : 0,
    "errorPct" : 0.0,
    "meanResTime" : 18130.379999999972,
    "medianResTime" : 18571.5,
    "minResTime" : 1206.0,
    "maxResTime" : 31059.0,
    "pct1ResTime" : 23851.200000000004,
    "pct2ResTime" : 25443.199999999997,
    "pct3ResTime" : 29058.02,
    "throughput" : 7.945209832991689,
    "receivedKBytesPerSec" : 666.9863992904928,
    "sentKBytesPerSec" : 1.1172951327644562
  },
  "Find owner" : {
    "transaction" : "Find owner",
    "sampleCount" : 500,
    "errorCount" : 0,
    "errorPct" : 0.0,
    "meanResTime" : 27078.583999999995,
    "medianResTime" : 26256.0,
    "minResTime" : 5474.0,
    "maxResTime" : 62121.0,
    "pct1ResTime" : 36331.700000000004,
    "pct2ResTime" : 41797.19999999999,
    "pct3ResTime" : 52430.240000000005,
    "throughput" : 4.7321149714653465,
    "receivedKBytesPerSec" : 18.119748831167602,
    "sentKBytesPerSec" : 0.5868931654063467
  },
  "Find owner with lastname=\"\"" : {
    "transaction" : "Find owner with lastname=\"\"",
    "sampleCount" : 500,
    "errorCount" : 0,
    "errorPct" : 0.0,
    "meanResTime" : 65851.37399999997,
    "medianResTime" : 66623.0,
    "minResTime" : 15782.0,
    "maxResTime" : 101994.0,
    "pct1ResTime" : 86913.60000000002,
    "pct2ResTime" : 90078.55,
    "pct3ResTime" : 96584.94,
    "throughput" : 2.765853874408107,
    "receivedKBytesPerSec" : 17.327102152664068,
    "sentKBytesPerSec" : 0.35653585099792007
  },
  "New visit" : {
    "transaction" : "New visit",
    "sampleCount" : 500,
    "errorCount" : 0,
    "errorPct" : 0.0,
    "meanResTime" : 29969.352,
    "medianResTime" : 28863.0,
    "minResTime" : 5295.0,
    "maxResTime" : 53916.0,
    "pct1ResTime" : 41240.700000000004,
    "pct2ResTime" : 44428.149999999994,
    "pct3ResTime" : 50326.030000000006,
    "throughput" : 3.130674347254399,
    "receivedKBytesPerSec" : 15.858773323523886,
    "sentKBytesPerSec" : 0.43537163061173373
  },
  "Edit Owner" : {
    "transaction" : "Edit Owner",
    "sampleCount" : 500,
    "errorCount" : 0,
    "errorPct" : 0.0,
    "meanResTime" : 32602.744,
    "medianResTime" : 32052.0,
    "minResTime" : 1907.0,
    "maxResTime" : 63628.0,
    "pct1ResTime" : 43334.8,
    "pct2ResTime" : 46236.1,
    "pct3ResTime" : 54216.02000000001,
    "throughput" : 2.6127670247899335,
    "receivedKBytesPerSec" : 14.616696463097279,
    "sentKBytesPerSec" : 0.32940256142615276
  }
}